SET search_path = my_amazing_fitness;



INSERT INTO MyAmazingFitness (fitness_id, numero, rue, ville, NPA, creation_date)
VALUES (1, 123, 'Rue de la Paix', 'Villeville', 12345, CURRENT_DATE - INTERVAL '2 week'),
       (2, 456, 'Avenue du Bonheur', 'Bonville', 54321, CURRENT_DATE - INTERVAL '2 week');


INSERT INTO Personne (nom, prenom, dateNaissance, adresseMail, numeroTelephone, numero, rue, ville, NPA, pays)
VALUES ('Doe', 'John', '1990-05-20', 'john.doe@example.com', '+123456789', 123, 'Rue des Lilas', 'Villefort', 54321, 'Paysland'),
       ('Smith', 'Emma', '1985-09-12', 'emma.smith@example.com', '+987654321', 456, 'Avenue des Roses', 'Villeneuve', 98765, 'Terreville'),
       ('Garcia', 'Sophie', '1992-12-04', 'sophie.garcia@example.com', '+1122334455', 789, 'Rue du Paradis', 'Edenville', 13579, 'Nuageland'),
       ('Martin', 'Lucas', '1988-07-18', 'lucas.martin@example.com', '+9988776655', 111, 'Avenue des Bois', 'Forêtville', 24680, 'Vertland'),
       ('Lopez', 'Eva', '1995-03-27', 'eva.lopez@example.com', '+6677889900', 222, 'Chemin des Vignes', 'Vinbourg', 75319, 'Vinland'),
       ('Brown', 'Oliver', '1999-10-10', 'oliver.brown@example.com', '+1122998877', 333, 'Rue des Moulins', 'Moulinville', 46802, 'Moulinland'),
       ('Lee', 'Sophia', '1994-01-15', 'sophia.lee@example.com', '+8877665544', 444, 'Avenue des Oiseaux', 'Aviary', 14703, 'Skyland'),
       ('Garcia', 'Hugo', '1980-11-30', 'hugo.garcia@example.com', '+1122445566', 555, 'Boulevard des Neiges', 'Gelville', 36912, 'Glaceland'),
       ('Roberts', 'Chloe', '1997-08-08', 'chloe.roberts@example.com', '+3366998855', 666, 'Rue du Château', 'Châteauville', 98765, 'Castleland'),
       ( 'Nguyen', 'Thomas', '1993-06-22', 'thomas.nguyen@example.com', '+4477993366', 777, 'Place du Marché', 'Marchébourg', 77550, 'Marketland'),
       ( 'Baker', 'Sophie', '1991-04-17', 'sophie.baker@example.com', '+4477112233', 888, 'Avenue de la Plage', 'Plageville', 12345, 'Beachland'),
       ( 'Kumar', 'Raj', '1983-12-01', 'raj.kumar@example.com', '+1122003344', 999, 'Rue du Soleil', 'Soleilbourg', 45678, 'Sunnyland'),
       ( 'Andersen', 'Emma', '1998-09-29', 'emma.andersen@example.com', '+3344556677', 101, 'Chemin du Lac', 'Lacville', 78901, 'Lakeville'),
       ( 'Gomez', 'Diego', '1996-05-12', 'diego.gomez@example.com', '+1122334455', 202, 'Avenue des Montagnes', 'Montville', 23456, 'Mountainland'),
       ( 'Harris', 'Lily', '1986-02-23', 'lily.harris@example.com', '+9988776655', 303, 'Rue des Roses', 'Roseville', 56789, 'Roseland'),
       ( 'Müller', 'Max', '1994-11-05', 'max.muller@example.com', '+6677889900', 404, 'Chemin de la Prairie', 'Prébourg', 34567, 'Meadowland'),
       ( 'Smith', 'Michael', '1990-07-04', 'michael.smith@example.com', '+1122998877', 505, 'Avenue des Arbres', 'Arbreville', 67890, 'Treeland'),
       ( 'Garcia', 'Julia', '1999-03-18', 'julia.garcia@example.com', '+8877665544', 606, 'Rue des Champs', 'Champbourg', 98765, 'Fieldland'),
       ( 'Brown', 'Daniel', '1989-10-30', 'daniel.brown@example.com', '+1122445566', 707, 'Boulevard de la Rivière', 'Rivièrebourg', 43210, 'Riverland'),
       ( 'Jones', 'Sophia', '1995-08-15', 'sophia.jones@example.com', '+3366998855', 808, 'Place de Lavoie', 'Égliseville', 13579, 'Churchland'),
       ( 'Lefebvre', 'Marie', '1998-12-21', 'marie.lefebvre@example.com', '+3366001122', 909, 'Avenue du Lac', 'Lacville', 12345, 'LakeLand'),
       ( 'Wang', 'Jason', '1993-05-08', 'jason.wang@example.com', '+4477889966', 1010, 'Rue de la Cascade', 'Cascadeville', 67890, 'WaterfallLand'),
       ( 'Mueller', 'Laura', '1996-09-17', 'laura.mueller@example.com', '+1122334455', 1111, 'Boulevard des Roses', 'Rosebourg', 34567, 'Roseland'),
       ( 'Rossi', 'Giuseppe', '1990-03-25', 'giuseppe.rossi@example.com', '+9988776655', 1212, 'Chemin de la Montagne', 'Montagneville', 98765, 'MountainLand'),
       ( 'Cohen', 'David', '1985-11-12', 'david.cohen@example.com', '+1122998877', 1313, 'Avenue du Ciel', 'Cielville', 54321, 'SkyLand');

INSERT INTO Visiteur (visiteur_id, fitness_id, visite_effectuee)
VALUES (1, 1, true),
       (2, 1, false),
       (3, 1, true),
       (4, 1, false),
       (5, 1, true),
       (21, 2, false);

INSERT INTO Employe (id, fitness_id, salaire)
VALUES (11, 1, 5000.00),
       (12, 1, 4800.00),
       (13, 1, 5200.00),
       (14, 1, 5100.00),
       (15, 1, 4900.00),
       (22, 2, 10000.00),
       (23, 2, 9500.00);

INSERT INTO Administrateur (administrateur_id)
VALUES (13), (22);

INSERT INTO PersonnelAdministratif (padministratif_id)
VALUES (14), (15);

INSERT INTO Membre (id)
VALUES (6),
       (7),
       (8),
       (9),
       (10),
       (24),
       (25);


insert into Passage (membre_id, fitness_id, timestamp) values (9, 2, CURRENT_DATE - INTERVAL '14 day' + INTERVAL '02:04:17'),
                                                              (7, 2, CURRENT_DATE - INTERVAL '5 day' + INTERVAL '16:46:46'),
                                                              (7, 2, CURRENT_DATE - INTERVAL '5 day' + INTERVAL '16:46:46'),
                                                              (24, 1, CURRENT_DATE - INTERVAL '3 day' + INTERVAL '11:26:28'),
                                                              (25, 1, CURRENT_DATE - INTERVAL '3 day' + INTERVAL '14:41:45'),
                                                              (6, 2, CURRENT_DATE - INTERVAL '2 day' + INTERVAL '10:07:48'),
                                                              (10, 2, CURRENT_DATE - INTERVAL '9 day' + INTERVAL '07:12:35'),
                                                              (8, 2, CURRENT_DATE - INTERVAL '11 day' + INTERVAL '16:35:30'),
                                                              (9, 2, CURRENT_DATE - INTERVAL '4 day' + INTERVAL '00:38:56'),
                                                              (7, 2, CURRENT_DATE - INTERVAL '7 day' + INTERVAL '00:21:26'),
                                                              (6, 1, CURRENT_DATE - INTERVAL '4 day' + INTERVAL '14:39:38'),
                                                              (10, 2, CURRENT_DATE - INTERVAL '7 day' + INTERVAL '05:40:29'),
                                                              (10, 2, CURRENT_DATE - INTERVAL '7 day' + INTERVAL '05:40:29'),
                                                              (8, 2, CURRENT_DATE - INTERVAL '7 day' + INTERVAL '15:30:10'),
                                                              (25, 1, CURRENT_DATE - INTERVAL '3 day' + INTERVAL '16:43:33'),
                                                              (10, 2, CURRENT_DATE - INTERVAL '11 day' + INTERVAL '10:17:34'),
                                                              (7, 1, CURRENT_DATE - INTERVAL '14 day' + INTERVAL '06:58:51'),
                                                              (7, 1, CURRENT_DATE - INTERVAL '14 day' + INTERVAL '06:58:51'),
                                                              (7, 1, CURRENT_DATE - INTERVAL '14 day' + INTERVAL '06:58:51'),
                                                              (6, 2, CURRENT_DATE - INTERVAL '7 day' + INTERVAL '01:16:59'),
                                                              (8, 2, CURRENT_DATE - INTERVAL '11 day' + INTERVAL '15:32:01'),
                                                              (10, 2, CURRENT_DATE - INTERVAL '13 day' + INTERVAL '11:03:06'),
                                                              (9, 1, CURRENT_DATE - INTERVAL '10 day' + INTERVAL '22:53:20'),
                                                              (7, 2, CURRENT_DATE - INTERVAL '4 day' + INTERVAL '04:18:42'),
                                                              (10, 2, CURRENT_DATE - INTERVAL '7 day' + INTERVAL '22:00:56'),
                                                              (10, 2, CURRENT_DATE - INTERVAL '7 day' + INTERVAL '22:00:56'),
                                                              (24, 1, CURRENT_DATE - INTERVAL '11 day' + INTERVAL '23:26:17'),
                                                              (24, 1, CURRENT_DATE - INTERVAL '5 day' + INTERVAL '13:01:58'),
                                                              (6, 2, CURRENT_DATE - INTERVAL '6 day' + INTERVAL '22:18:38'),
                                                              (8, 2, CURRENT_DATE - INTERVAL '2 day' + INTERVAL '10:14:28'),
                                                              (8, 2, CURRENT_DATE - INTERVAL '2 day' + INTERVAL '10:14:28'),
                                                              (9, 1, CURRENT_DATE - INTERVAL '9 day' + INTERVAL '20:09:58'),
                                                              (25, 1, CURRENT_DATE - INTERVAL '12 day' + INTERVAL '08:32:58'),
                                                              (7, 2, CURRENT_DATE - INTERVAL '8 day' + INTERVAL '15:56:26'),
                                                              (6, 2, CURRENT_DATE - INTERVAL '5 day' + INTERVAL '19:50:32'),
                                                              (6, 1, CURRENT_DATE - INTERVAL '3 day' + INTERVAL '01:56:08'),
                                                              (8, 1, CURRENT_DATE - INTERVAL '10 day' + INTERVAL '03:42:48'),
                                                              (8, 1, CURRENT_DATE - INTERVAL '10 day' + INTERVAL '03:42:48'),
                                                              (6, 2, CURRENT_DATE - INTERVAL '6 day' + INTERVAL '09:12:41'),
                                                              (6, 1, CURRENT_DATE - INTERVAL '6 day' + INTERVAL '16:09:54'),
                                                              (24, 2, CURRENT_DATE - INTERVAL '9 day' + INTERVAL '22:08:41'),
                                                              (25, 1, CURRENT_DATE - INTERVAL '9 day' + INTERVAL '02:03:30'),
                                                              (7, 1, CURRENT_DATE - INTERVAL '11 day' + INTERVAL '02:21:00'),
                                                              (7, 1, CURRENT_DATE - INTERVAL '11 day' + INTERVAL '02:21:00'),
                                                              (7, 1, CURRENT_DATE - INTERVAL '12 day' + INTERVAL '11:15:30'),
                                                              (24, 1, CURRENT_DATE - INTERVAL '11 day' + INTERVAL '06:50:32'),
                                                              (6, 2, CURRENT_DATE - INTERVAL '7 day' + INTERVAL '15:53:05'),
                                                              (25, 2, CURRENT_DATE - INTERVAL '7 day' + INTERVAL '01:39:31'),
                                                              (24, 1, CURRENT_DATE - INTERVAL '5 day' + INTERVAL '15:28:27'),
                                                              (24, 1, CURRENT_DATE - INTERVAL '5 day' + INTERVAL '15:28:27'),
                                                              (24, 1, CURRENT_DATE - INTERVAL '4 day' + INTERVAL '14:28:12'),
                                                              (24, 1, CURRENT_DATE - INTERVAL '13 day' + INTERVAL '02:40:40'),
                                                              (24, 1, CURRENT_DATE - INTERVAL '4 day' + INTERVAL '23:06:19'),
                                                              (25, 1, CURRENT_DATE - INTERVAL '5 day' + INTERVAL '18:46:30'),
                                                              (7, 2, CURRENT_DATE - INTERVAL '6 day' + INTERVAL '02:15:36'),
                                                              (8, 1, CURRENT_DATE - INTERVAL '9 day' + INTERVAL '08:41:25'),
                                                              (7, 1, CURRENT_DATE - INTERVAL '2 day' + INTERVAL '01:50:56'),
                                                              (25, 2, CURRENT_DATE - INTERVAL '4 day' + INTERVAL '20:55:06'),
                                                              (25, 2, CURRENT_DATE - INTERVAL '4 day' + INTERVAL '20:55:06'),
                                                              (8, 2, CURRENT_DATE - INTERVAL '13 day' + INTERVAL '10:46:25'),
                                                              (7, 2, CURRENT_DATE - INTERVAL '13 day' + INTERVAL '19:33:50'),
                                                              (9, 1, CURRENT_DATE - INTERVAL '13 day' + INTERVAL '16:25:44'),
                                                              (9, 1, CURRENT_DATE - INTERVAL '7 day' + INTERVAL '08:27:56'),
                                                              (8, 1, CURRENT_DATE - INTERVAL '9 day' + INTERVAL '13:16:05'),
                                                              (8, 1, CURRENT_DATE - INTERVAL '10 day' + INTERVAL '03:27:25'),
                                                              (8, 1, CURRENT_DATE - INTERVAL '10 day' + INTERVAL '03:27:25'),
                                                              (10, 2, CURRENT_DATE - INTERVAL '14 day' + INTERVAL '11:48:12'),
                                                              (7, 1, CURRENT_DATE - INTERVAL '10 day' + INTERVAL '12:52:29'),
                                                              (9, 2, CURRENT_DATE - INTERVAL '4 day' + INTERVAL '20:37:07'),
                                                              (8, 2, CURRENT_DATE - INTERVAL '4 day' + INTERVAL '03:52:53'),
                                                              (6, 1, CURRENT_DATE - INTERVAL '7 day' + INTERVAL '05:10:54'),
                                                              (9, 2, CURRENT_DATE - INTERVAL '9 day' + INTERVAL '20:45:24'),
                                                              (7, 2, CURRENT_DATE - INTERVAL '3 day' + INTERVAL '13:00:04'),
                                                              (7, 2, CURRENT_DATE - INTERVAL '3 day' + INTERVAL '13:00:04'),
                                                              (6, 1, CURRENT_DATE - INTERVAL '13 day' + INTERVAL '16:43:14'),
                                                              (7, 1, CURRENT_DATE - INTERVAL '10 day' + INTERVAL '09:06:44'),
                                                              (8, 2, CURRENT_DATE - INTERVAL '9 day' + INTERVAL '01:33:34'),
                                                              (25, 1, CURRENT_DATE - INTERVAL '6 day' + INTERVAL '05:54:49'),
                                                              (7, 2, CURRENT_DATE - INTERVAL '14 day' + INTERVAL '21:19:30'),
                                                              (6, 1, CURRENT_DATE - INTERVAL '10 day' + INTERVAL '21:23:39'),
                                                              (6, 1, CURRENT_DATE - INTERVAL '10 day' + INTERVAL '21:23:39'),
                                                              (10, 1, CURRENT_DATE - INTERVAL '11 day' + INTERVAL '23:04:57'),
                                                              (24, 2, CURRENT_DATE - INTERVAL '3 day' + INTERVAL '05:15:09'),
                                                              (24, 2, CURRENT_DATE - INTERVAL '3 day' + INTERVAL '05:15:09'),
                                                              (24, 2, CURRENT_DATE - INTERVAL '12 day' + INTERVAL '00:21:32'),
                                                              (6, 2, CURRENT_DATE - INTERVAL '10 day' + INTERVAL '16:14:38'),
                                                              (25, 2, CURRENT_DATE - INTERVAL '2 day' + INTERVAL '17:42:52'),
                                                              (25, 2, CURRENT_DATE - INTERVAL '12 day' + INTERVAL '14:00:56'),
                                                              (10, 2, CURRENT_DATE - INTERVAL '10 day' + INTERVAL '10:11:25'),
                                                              (10, 1, CURRENT_DATE - INTERVAL '8 day' + INTERVAL '20:15:49'),
                                                              (9, 2, CURRENT_DATE - INTERVAL '8 day' + INTERVAL '11:20:46'),
                                                              (7, 2, CURRENT_DATE - INTERVAL '8 day' + INTERVAL '06:24:31'),
                                                              (8, 2, CURRENT_DATE - INTERVAL '2 day' + INTERVAL '20:37:42'),
                                                              (7, 2, CURRENT_DATE - INTERVAL '4 day' + INTERVAL '00:23:40'),
                                                              (10, 2, CURRENT_DATE - INTERVAL '10 day' + INTERVAL '06:31:24'),
                                                              (10, 2, CURRENT_DATE - INTERVAL '10 day' + INTERVAL '06:31:24'),
                                                              (6, 2, CURRENT_DATE - INTERVAL '3 day' + INTERVAL '08:19:16'),
                                                              (6, 2, CURRENT_DATE - INTERVAL '3 day' + INTERVAL '08:19:16'),
                                                              (7, 2, CURRENT_DATE - INTERVAL '13 day' + INTERVAL '22:05:26'),
                                                              (9, 2, CURRENT_DATE - INTERVAL '2 day' + INTERVAL '13:11:32'),
                                                              (9, 2, CURRENT_DATE - INTERVAL '2 day' + INTERVAL '13:11:32'),
                                                              (6, 2, CURRENT_DATE - INTERVAL '6 day' + INTERVAL '13:26:45'),
                                                              (7, 2, CURRENT_DATE - INTERVAL '8 day' + INTERVAL '07:12:49'),
                                                              (24, 1, CURRENT_DATE - INTERVAL '8 day' + INTERVAL '04:07:43'),
                                                              (8, 2, CURRENT_DATE - INTERVAL '10 day' + INTERVAL '08:48:35'),
                                                              (8, 2, CURRENT_DATE - INTERVAL '7 day' + INTERVAL '12:25:11'),
                                                              (8, 2, CURRENT_DATE - INTERVAL '7 day' + INTERVAL '12:25:11'),
                                                              (7, 2, CURRENT_DATE - INTERVAL '14 day' + INTERVAL '23:15:43'),
                                                              (6, 1, CURRENT_DATE - INTERVAL '4 day' + INTERVAL '02:37:58'),
                                                              (8, 2, CURRENT_DATE - INTERVAL '8 day' + INTERVAL '06:03:33'),
                                                              (8, 2, CURRENT_DATE - INTERVAL '8 day' + INTERVAL '06:03:33'),
                                                              (9, 1, CURRENT_DATE - INTERVAL '12 day' + INTERVAL '18:38:43'),
                                                              (6, 2, CURRENT_DATE - INTERVAL '6 day' + INTERVAL '17:13:51'),
                                                              (6, 2, CURRENT_DATE - INTERVAL '6 day' + INTERVAL '17:13:51'),
                                                              (7, 2, CURRENT_DATE - INTERVAL '8 day' + INTERVAL '02:09:28'),
                                                              (9, 1, CURRENT_DATE - INTERVAL '12 day' + INTERVAL '01:49:25'),
                                                              (10, 1, CURRENT_DATE - INTERVAL '13 day' + INTERVAL '19:15:49'),
                                                              (24, 1, CURRENT_DATE - INTERVAL '3 day' + INTERVAL '22:13:49'),
                                                              (10, 1, CURRENT_DATE - INTERVAL '5 day' + INTERVAL '18:17:56'),
                                                              (10, 1, CURRENT_DATE - INTERVAL '5 day' + INTERVAL '18:17:56'),
                                                              (10, 2, CURRENT_DATE - INTERVAL '11 day' + INTERVAL '00:17:16'),
                                                              (24, 2, CURRENT_DATE - INTERVAL '12 day' + INTERVAL '03:52:24'),
                                                              (6, 2, CURRENT_DATE - INTERVAL '2 day' + INTERVAL '07:51:18'),
                                                              (25, 1, CURRENT_DATE - INTERVAL '8 day' + INTERVAL '02:04:17'),
                                                              (7, 1, CURRENT_DATE - INTERVAL '12 day' + INTERVAL '00:40:17'),
                                                              (6, 1, CURRENT_DATE - INTERVAL '8 day' + INTERVAL '16:16:31'),
                                                              (6, 1, CURRENT_DATE - INTERVAL '8 day' + INTERVAL '16:16:31'),
                                                              (9, 2, CURRENT_DATE - INTERVAL '2 day' + INTERVAL '02:17:25'),
                                                              (25, 2, CURRENT_DATE - INTERVAL '14 day' + INTERVAL '05:04:22'),
                                                              (25, 2, CURRENT_DATE - INTERVAL '14 day' + INTERVAL '05:04:22'),
                                                              (25, 2, CURRENT_DATE - INTERVAL '6 day' + INTERVAL '19:42:51'),
                                                              (6, 2, CURRENT_DATE - INTERVAL '3 day' + INTERVAL '08:42:42'),
                                                              (24, 2, CURRENT_DATE - INTERVAL '12 day' + INTERVAL '18:23:41'),
                                                              (25, 1, CURRENT_DATE - INTERVAL '10 day' + INTERVAL '00:56:59'),
                                                              (25, 1, CURRENT_DATE - INTERVAL '10 day' + INTERVAL '00:56:59'),
                                                              (10, 1, CURRENT_DATE - INTERVAL '4 day' + INTERVAL '11:29:37'),
                                                              (9, 1, CURRENT_DATE - INTERVAL '12 day' + INTERVAL '14:01:31'),
                                                              (9, 1, CURRENT_DATE - INTERVAL '7 day' + INTERVAL '08:46:15'),
                                                              (24, 2, CURRENT_DATE - INTERVAL '5 day' + INTERVAL '07:39:05'),
                                                              (10, 2, CURRENT_DATE - INTERVAL '10 day' + INTERVAL '17:10:19'),
                                                              (6, 1, CURRENT_DATE - INTERVAL '3 day' + INTERVAL '20:07:30'),
                                                              (7, 2, CURRENT_DATE - INTERVAL '6 day' + INTERVAL '17:11:17'),
                                                              (7, 1, CURRENT_DATE - INTERVAL '5 day' + INTERVAL '07:13:46'),
                                                              (7, 1, CURRENT_DATE - INTERVAL '5 day' + INTERVAL '07:13:46'),
                                                              (8, 1, CURRENT_DATE - INTERVAL '7 day' + INTERVAL '17:54:45'),
                                                              (8, 2, CURRENT_DATE - INTERVAL '12 day' + INTERVAL '00:43:30'),
                                                              (9, 1, CURRENT_DATE - INTERVAL '9 day' + INTERVAL '01:56:41'),
                                                              (7, 2, CURRENT_DATE - INTERVAL '13 day' + INTERVAL '16:10:40'),
                                                              (7, 2, CURRENT_DATE - INTERVAL '13 day' + INTERVAL '16:10:40'),
                                                              (6, 2, CURRENT_DATE - INTERVAL '10 day' + INTERVAL '10:26:49'),
                                                              (7, 1, CURRENT_DATE - INTERVAL '11 day' + INTERVAL '15:50:47'),
                                                              (9, 1, CURRENT_DATE - INTERVAL '5 day' + INTERVAL '01:20:36'),
                                                              (25, 2, CURRENT_DATE - INTERVAL '6 day' + INTERVAL '14:28:57'),
                                                              (7, 2, CURRENT_DATE - INTERVAL '6 day' + INTERVAL '15:42:50'),
                                                              (10, 2, CURRENT_DATE - INTERVAL '7 day' + INTERVAL '03:50:53'),
                                                              (7, 2, CURRENT_DATE - INTERVAL '13 day' + INTERVAL '21:20:57'),
                                                              (9, 2, CURRENT_DATE - INTERVAL '14 day' + INTERVAL '00:21:15'),
                                                              (9, 2, CURRENT_DATE - INTERVAL '14 day' + INTERVAL '00:21:15'),
                                                              (7, 2, CURRENT_DATE - INTERVAL '13 day' + INTERVAL '11:55:38'),
                                                              (7, 2, CURRENT_DATE - INTERVAL '13 day' + INTERVAL '11:55:38'),
                                                              (8, 1, CURRENT_DATE - INTERVAL '14 day' + INTERVAL '11:24:42'),
                                                              (7, 2, CURRENT_DATE - INTERVAL '11 day' + INTERVAL '12:29:47'),
                                                              (7, 2, CURRENT_DATE - INTERVAL '11 day' + INTERVAL '12:29:47'),
                                                              (6, 1, CURRENT_DATE - INTERVAL '10 day' + INTERVAL '20:48:39'),
                                                              (6, 1, CURRENT_DATE - INTERVAL '12 day' + INTERVAL '20:00:36'),
                                                              (10, 2, CURRENT_DATE - INTERVAL '4 day' + INTERVAL '03:54:01'),
                                                              (8, 1, CURRENT_DATE - INTERVAL '3 day' + INTERVAL '17:31:34'),
                                                              (8, 1, CURRENT_DATE - INTERVAL '3 day' + INTERVAL '17:31:34'),
                                                              (24, 1, CURRENT_DATE - INTERVAL '11 day' + INTERVAL '03:26:09'),
                                                              (8, 1, CURRENT_DATE - INTERVAL '5 day' + INTERVAL '15:57:16'),
                                                              (8, 1, CURRENT_DATE - INTERVAL '14 day' + INTERVAL '15:40:00'),
                                                              (8, 1, CURRENT_DATE - INTERVAL '14 day' + INTERVAL '15:40:00'),
                                                              (24, 2, CURRENT_DATE - INTERVAL '12 day' + INTERVAL '01:06:42'),
                                                              (24, 2, CURRENT_DATE - INTERVAL '4 day' + INTERVAL '16:22:00'),
                                                              (8, 1, CURRENT_DATE - INTERVAL '9 day' + INTERVAL '08:59:27'),
                                                              (6, 1, CURRENT_DATE - INTERVAL '9 day' + INTERVAL '16:29:31'),
                                                              (25, 1, CURRENT_DATE - INTERVAL '14 day' + INTERVAL '18:12:16'),
                                                              (8, 1, CURRENT_DATE - INTERVAL '7 day' + INTERVAL '13:38:12'),
                                                              (7, 1, CURRENT_DATE - INTERVAL '3 day' + INTERVAL '10:57:57'),
                                                              (6, 1, CURRENT_DATE - INTERVAL '8 day' + INTERVAL '14:38:05'),
                                                              (8, 1, CURRENT_DATE - INTERVAL '12 day' + INTERVAL '13:31:33'),
                                                              (6, 2, CURRENT_DATE - INTERVAL '4 day' + INTERVAL '04:48:30'),
                                                              (10, 2, CURRENT_DATE - INTERVAL '5 day' + INTERVAL '00:52:43'),
                                                              (9, 2, CURRENT_DATE - INTERVAL '6 day' + INTERVAL '02:39:35'),
                                                              (9, 2, CURRENT_DATE - INTERVAL '6 day' + INTERVAL '02:39:35'),
                                                              (7, 1, CURRENT_DATE - INTERVAL '13 day' + INTERVAL '03:13:27'),
                                                              (7, 2, CURRENT_DATE - INTERVAL '12 day' + INTERVAL '02:35:04'),
                                                              (6, 2, CURRENT_DATE - INTERVAL '9 day' + INTERVAL '07:53:10'),
                                                              (10, 1, CURRENT_DATE - INTERVAL '9 day' + INTERVAL '16:07:12'),
                                                              (24, 1, CURRENT_DATE - INTERVAL '14 day' + INTERVAL '03:58:03'),
                                                              (24, 1, CURRENT_DATE - INTERVAL '14 day' + INTERVAL '03:58:03'),
                                                              (24, 1, CURRENT_DATE - INTERVAL '14 day' + INTERVAL '03:58:03'),
                                                              (24, 1, CURRENT_DATE - INTERVAL '14 day' + INTERVAL '03:58:03'),
                                                              (7, 2, CURRENT_DATE - INTERVAL '12 day' + INTERVAL '13:07:46'),
                                                              (7, 2, CURRENT_DATE - INTERVAL '8 day' + INTERVAL '19:25:23'),
                                                              (6, 1, CURRENT_DATE - INTERVAL '11 day' + INTERVAL '17:14:16'),
                                                              (6, 1, CURRENT_DATE - INTERVAL '11 day' + INTERVAL '17:14:16'),
                                                              (8, 1, CURRENT_DATE - INTERVAL '9 day' + INTERVAL '02:06:58'),
                                                              (9, 2, CURRENT_DATE - INTERVAL '9 day' + INTERVAL '00:21:17'),
                                                              (25, 1, CURRENT_DATE - INTERVAL '7 day' + INTERVAL '13:55:25'),
                                                              (9, 2, CURRENT_DATE - INTERVAL '10 day' + INTERVAL '13:36:14'),
                                                              (9, 1, CURRENT_DATE - INTERVAL '2 day' + INTERVAL '01:20:28'),
                                                              (7, 1, CURRENT_DATE - INTERVAL '2 day' + INTERVAL '09:42:14'),
                                                              (7, 1, CURRENT_DATE - INTERVAL '2 day' + INTERVAL '09:42:14'),
                                                              (6, 2, CURRENT_DATE - INTERVAL '3 day' + INTERVAL '05:17:13'),
                                                              (6, 2, CURRENT_DATE - INTERVAL '3 day' + INTERVAL '05:17:13'),
                                                              (10, 1, CURRENT_DATE - INTERVAL '2 day' + INTERVAL '20:48:49'),
                                                              (8, 1, CURRENT_DATE - INTERVAL '11 day' + INTERVAL '06:22:18'),
                                                              (10, 2, CURRENT_DATE - INTERVAL '13 day' + INTERVAL '15:16:19'),
                                                              (10, 2, CURRENT_DATE - INTERVAL '13 day' + INTERVAL '15:16:19'),
                                                              (9, 2, CURRENT_DATE - INTERVAL '8 day' + INTERVAL '09:00:37'),
                                                              (8, 1, CURRENT_DATE - INTERVAL '7 day' + INTERVAL '16:50:50'),
                                                              (8, 2, CURRENT_DATE - INTERVAL '3 day' + INTERVAL '17:26:53'),
                                                              (8, 2, CURRENT_DATE - INTERVAL '3 day' + INTERVAL '17:26:53'),
                                                              (24, 1, CURRENT_DATE - INTERVAL '14 day' + INTERVAL '05:03:43'),
                                                              (24, 1, CURRENT_DATE - INTERVAL '14 day' + INTERVAL '05:03:43'),
                                                              (9, 1, CURRENT_DATE - INTERVAL '10 day' + INTERVAL '04:59:52'),
                                                              (6, 2, CURRENT_DATE - INTERVAL '13 day' + INTERVAL '08:42:35'),
                                                              (24, 2, CURRENT_DATE - INTERVAL '12 day' + INTERVAL '19:57:36'),
                                                              (9, 1, CURRENT_DATE - INTERVAL '2 day' + INTERVAL '02:04:46'),
                                                              (9, 1, CURRENT_DATE - INTERVAL '2 day' + INTERVAL '02:04:46'),
                                                              (24, 1, CURRENT_DATE - INTERVAL '10 day' + INTERVAL '07:01:48'),
                                                              (25, 1, CURRENT_DATE - INTERVAL '7 day' + INTERVAL '13:13:07'),
                                                              (7, 1, CURRENT_DATE - INTERVAL '10 day' + INTERVAL '05:44:18'),
                                                              (7, 1, CURRENT_DATE - INTERVAL '10 day' + INTERVAL '05:44:18'),
                                                              (8, 2, CURRENT_DATE - INTERVAL '13 day' + INTERVAL '21:17:38'),
                                                              (8, 2, CURRENT_DATE - INTERVAL '13 day' + INTERVAL '21:17:38'),
                                                              (10, 2, CURRENT_DATE - INTERVAL '8 day' + INTERVAL '09:09:39'),
                                                              (6, 2, CURRENT_DATE - INTERVAL '4 day' + INTERVAL '17:45:58'),
                                                              (9, 1, CURRENT_DATE - INTERVAL '11 day' + INTERVAL '04:34:29'),
                                                              (10, 2, CURRENT_DATE - INTERVAL '2 day' + INTERVAL '07:15:25'),
                                                              (7, 2, CURRENT_DATE - INTERVAL '7 day' + INTERVAL '21:43:14'),
                                                              (6, 1, CURRENT_DATE - INTERVAL '12 day' + INTERVAL '02:17:53'),
                                                              (8, 1, CURRENT_DATE - INTERVAL '10 day' + INTERVAL '08:44:26'),
                                                              (25, 2, CURRENT_DATE - INTERVAL '7 day' + INTERVAL '05:22:55'),
                                                              (25, 2, CURRENT_DATE - INTERVAL '9 day' + INTERVAL '21:21:32'),
                                                              (10, 2, CURRENT_DATE - INTERVAL '9 day' + INTERVAL '00:26:15'),
                                                              (24, 2, CURRENT_DATE - INTERVAL '5 day' + INTERVAL '06:12:54'),
                                                              (24, 2, CURRENT_DATE - INTERVAL '10 day' + INTERVAL '00:09:08'),
                                                              (6, 2, CURRENT_DATE - INTERVAL '10 day' + INTERVAL '00:07:06'),
                                                              (6, 2, CURRENT_DATE - INTERVAL '2 day' + INTERVAL '10:52:53'),
                                                              (6, 1, CURRENT_DATE - INTERVAL '11 day' + INTERVAL '00:10:36'),
                                                              (7, 1, CURRENT_DATE - INTERVAL '6 day' + INTERVAL '08:51:41'),
                                                              (9, 2, CURRENT_DATE - INTERVAL '7 day' + INTERVAL '14:43:45'),
                                                              (9, 1, CURRENT_DATE - INTERVAL '11 day' + INTERVAL '10:22:13'),
                                                              (6, 1, CURRENT_DATE - INTERVAL '4 day' + INTERVAL '01:10:30'),
                                                              (25, 1, CURRENT_DATE - INTERVAL '3 day' + INTERVAL '12:59:32'),
                                                              (9, 1, CURRENT_DATE - INTERVAL '9 day' + INTERVAL '17:47:57'),
                                                              (8, 1, CURRENT_DATE - INTERVAL '12 day' + INTERVAL '17:29:40'),
                                                              (7, 2, CURRENT_DATE - INTERVAL '6 day' + INTERVAL '17:57:19'),
                                                              (24, 2, CURRENT_DATE - INTERVAL '4 day' + INTERVAL '18:46:18'),
                                                              (6, 1, CURRENT_DATE - INTERVAL '5 day' + INTERVAL '11:47:21'),
                                                              (7, 2, CURRENT_DATE - INTERVAL '8 day' + INTERVAL '06:39:37'),
                                                              (10, 2, CURRENT_DATE - INTERVAL '3 day' + INTERVAL '06:31:10'),
                                                              (25, 1, CURRENT_DATE - INTERVAL '14 day' + INTERVAL '02:00:35'),
                                                              (24, 2, CURRENT_DATE - INTERVAL '5 day' + INTERVAL '14:12:25'),
                                                              (7, 1, CURRENT_DATE - INTERVAL '8 day' + INTERVAL '04:59:44'),
                                                              (10, 1, CURRENT_DATE - INTERVAL '6 day' + INTERVAL '23:34:48'),
                                                              (9, 1, CURRENT_DATE - INTERVAL '11 day' + INTERVAL '09:56:31'),
                                                              (25, 1, CURRENT_DATE - INTERVAL '13 day' + INTERVAL '14:30:59'),
                                                              (10, 2, CURRENT_DATE - INTERVAL '14 day' + INTERVAL '15:27:49'),
                                                              (7, 1, CURRENT_DATE - INTERVAL '9 day' + INTERVAL '10:20:26'),
                                                              (10, 2, CURRENT_DATE - INTERVAL '13 day' + INTERVAL '00:49:38'),
                                                              (7, 2, CURRENT_DATE - INTERVAL '6 day' + INTERVAL '22:51:25'),
                                                              (25, 1, CURRENT_DATE - INTERVAL '14 day' + INTERVAL '15:01:09'),
                                                              (8, 1, CURRENT_DATE - INTERVAL '2 day' + INTERVAL '23:05:33'),
                                                              (24, 2, CURRENT_DATE - INTERVAL '9 day' + INTERVAL '03:50:16'),
                                                              (10, 1, CURRENT_DATE - INTERVAL '10 day' + INTERVAL '14:14:14'),
                                                              (25, 2, CURRENT_DATE - INTERVAL '10 day' + INTERVAL '17:58:56'),
                                                              (25, 2, CURRENT_DATE - INTERVAL '13 day' + INTERVAL '05:52:10'),
                                                              (24, 1, CURRENT_DATE - INTERVAL '9 day' + INTERVAL '15:57:02'),
                                                              (9, 2, CURRENT_DATE - INTERVAL '9 day' + INTERVAL '23:29:26'),
                                                              (6, 1, CURRENT_DATE - INTERVAL '7 day' + INTERVAL '13:06:26'),
                                                              (7, 2, CURRENT_DATE - INTERVAL '13 day' + INTERVAL '21:24:45'),
                                                              (6, 1, CURRENT_DATE - INTERVAL '2 day' + INTERVAL '22:37:32'),
                                                              (25, 1, CURRENT_DATE - INTERVAL '9 day' + INTERVAL '16:29:24'),
                                                              (24, 2, CURRENT_DATE - INTERVAL '12 day' + INTERVAL '08:34:07'),
                                                              (24, 2, CURRENT_DATE - INTERVAL '10 day' + INTERVAL '13:05:34'),
                                                              (25, 1, CURRENT_DATE - INTERVAL '2 day' + INTERVAL '00:03:11'),
                                                              (24, 1, CURRENT_DATE - INTERVAL '9 day' + INTERVAL '06:37:41'),
                                                              (7, 2, CURRENT_DATE - INTERVAL '14 day' + INTERVAL '08:46:18'),
                                                              (8, 2, CURRENT_DATE - INTERVAL '2 day' + INTERVAL '02:15:07'),
                                                              (7, 1, CURRENT_DATE - INTERVAL '2 day' + INTERVAL '19:47:47'),
                                                              (24, 2, CURRENT_DATE - INTERVAL '13 day' + INTERVAL '18:31:43'),
                                                              (24, 1, CURRENT_DATE - INTERVAL '3 day' + INTERVAL '18:55:13'),
                                                              (8, 1, CURRENT_DATE - INTERVAL '11 day' + INTERVAL '06:25:46'),
                                                              (6, 1, CURRENT_DATE - INTERVAL '3 day' + INTERVAL '09:39:43'),
                                                              (24, 1, CURRENT_DATE - INTERVAL '4 day' + INTERVAL '16:37:52'),
                                                              (9, 2, CURRENT_DATE - INTERVAL '14 day' + INTERVAL '14:56:19'),
                                                              (9, 1, CURRENT_DATE - INTERVAL '10 day' + INTERVAL '23:33:20'),
                                                              (6, 2, CURRENT_DATE - INTERVAL '4 day' + INTERVAL '12:56:45'),
                                                              (9, 2, CURRENT_DATE - INTERVAL '10 day' + INTERVAL '08:17:56'),
                                                              (7, 2, CURRENT_DATE - INTERVAL '2 day' + INTERVAL '19:27:33'),
                                                              (25, 1, CURRENT_DATE - INTERVAL '9 day' + INTERVAL '18:41:00'),
                                                              (6, 2, CURRENT_DATE - INTERVAL '7 day' + INTERVAL '16:58:01'),
                                                              (24, 1, CURRENT_DATE - INTERVAL '6 day' + INTERVAL '04:37:34'),
                                                              (24, 2, CURRENT_DATE - INTERVAL '5 day' + INTERVAL '06:01:29'),
                                                              (25, 2, CURRENT_DATE - INTERVAL '9 day' + INTERVAL '08:02:34'),
                                                              (6, 2, CURRENT_DATE - INTERVAL '11 day' + INTERVAL '08:08:27'),
                                                              (6, 1, CURRENT_DATE - INTERVAL '7 day' + INTERVAL '01:37:11'),
                                                              (24, 1, CURRENT_DATE - INTERVAL '5 day' + INTERVAL '18:06:13'),
                                                              (9, 2, CURRENT_DATE - INTERVAL '13 day' + INTERVAL '17:12:25'),
                                                              (7, 2, CURRENT_DATE - INTERVAL '12 day' + INTERVAL '05:52:26'),
                                                              (8, 1, CURRENT_DATE - INTERVAL '10 day' + INTERVAL '19:57:28'),
                                                              (8, 1, CURRENT_DATE - INTERVAL '2 day' + INTERVAL '22:56:57'),
                                                              (6, 1, CURRENT_DATE - INTERVAL '3 day' + INTERVAL '01:44:03'),
                                                              (7, 1, CURRENT_DATE - INTERVAL '9 day' + INTERVAL '11:32:12'),
                                                              (10, 2, CURRENT_DATE - INTERVAL '13 day' + INTERVAL '18:52:27'),
                                                              (24, 1, CURRENT_DATE - INTERVAL '13 day' + INTERVAL '03:11:08'),
                                                              (7, 1, CURRENT_DATE - INTERVAL '7 day' + INTERVAL '00:17:15'),
                                                              (10, 1, CURRENT_DATE - INTERVAL '7 day' + INTERVAL '22:43:38'),
                                                              (9, 1, CURRENT_DATE - INTERVAL '11 day' + INTERVAL '04:29:58'),
                                                              (6, 2, CURRENT_DATE - INTERVAL '5 day' + INTERVAL '19:04:47'),
                                                              (6, 1, CURRENT_DATE - INTERVAL '11 day' + INTERVAL '04:47:41'),
                                                              (8, 2, CURRENT_DATE - INTERVAL '5 day' + INTERVAL '18:57:15'),
                                                              (8, 2, CURRENT_DATE - INTERVAL '4 day' + INTERVAL '14:44:13'),
                                                              (9, 1, CURRENT_DATE - INTERVAL '2 day' + INTERVAL '21:13:45'),
                                                              (8, 2, CURRENT_DATE - INTERVAL '5 day' + INTERVAL '00:44:25'),
                                                              (7, 1, CURRENT_DATE - INTERVAL '14 day' + INTERVAL '17:31:38'),
                                                              (10, 1, CURRENT_DATE - INTERVAL '3 day' + INTERVAL '02:53:25'),
                                                              (10, 2, CURRENT_DATE - INTERVAL '3 day' + INTERVAL '09:36:55'),
                                                              (25, 2, CURRENT_DATE - INTERVAL '9 day' + INTERVAL '04:00:06'),
                                                              (8, 2, CURRENT_DATE - INTERVAL '8 day' + INTERVAL '14:52:20'),
                                                              (9, 2, CURRENT_DATE - INTERVAL '2 day' + INTERVAL '01:41:29'),
                                                              (10, 2, CURRENT_DATE - INTERVAL '6 day' + INTERVAL '12:59:05'),
                                                              (10, 1, CURRENT_DATE - INTERVAL '5 day' + INTERVAL '19:20:12'),
                                                              (9, 2, CURRENT_DATE - INTERVAL '13 day' + INTERVAL '00:38:04'),
                                                              (10, 1, CURRENT_DATE - INTERVAL '9 day' + INTERVAL '23:51:01'),
                                                              (9, 1, CURRENT_DATE - INTERVAL '13 day' + INTERVAL '07:50:06'),
                                                              (24, 1, CURRENT_DATE - INTERVAL '13 day' + INTERVAL '09:34:54'),
                                                              (8, 1, CURRENT_DATE - INTERVAL '5 day' + INTERVAL '10:08:46'),
                                                              (8, 1, CURRENT_DATE - INTERVAL '10 day' + INTERVAL '19:42:45'),
                                                              (8, 2, CURRENT_DATE - INTERVAL '12 day' + INTERVAL '13:01:00'),
                                                              (10, 2, CURRENT_DATE - INTERVAL '2 day' + INTERVAL '01:48:43'),
                                                              (6, 2, CURRENT_DATE - INTERVAL '3 day' + INTERVAL '23:40:07'),
                                                              (9, 1, CURRENT_DATE - INTERVAL '13 day' + INTERVAL '01:18:54'),
                                                              (7, 2, CURRENT_DATE - INTERVAL '3 day' + INTERVAL '11:45:20'),
                                                              (7, 1, CURRENT_DATE - INTERVAL '2 day' + INTERVAL '10:13:56'),
                                                              (7, 2, CURRENT_DATE - INTERVAL '10 day' + INTERVAL '00:50:58'),
                                                              (10, 1, CURRENT_DATE - INTERVAL '3 day' + INTERVAL '00:22:34'),
                                                              (7, 2, CURRENT_DATE - INTERVAL '2 day' + INTERVAL '19:38:14'),
                                                              (8, 1, CURRENT_DATE - INTERVAL '6 day' + INTERVAL '18:28:44'),
                                                              (9, 1, CURRENT_DATE - INTERVAL '6 day' + INTERVAL '15:29:00'),
                                                              (10, 1, CURRENT_DATE - INTERVAL '12 day' + INTERVAL '12:16:05'),
                                                              (10, 1, CURRENT_DATE - INTERVAL '9 day' + INTERVAL '22:04:14'),
                                                              (8, 2, CURRENT_DATE - INTERVAL '11 day' + INTERVAL '22:30:11'),
                                                              (24, 1, CURRENT_DATE - INTERVAL '13 day' + INTERVAL '15:30:55'),
                                                              (9, 1, CURRENT_DATE - INTERVAL '9 day' + INTERVAL '00:16:26'),
                                                              (10, 1, CURRENT_DATE - INTERVAL '5 day' + INTERVAL '05:16:48'),
                                                              (24, 2, CURRENT_DATE - INTERVAL '2 day' + INTERVAL '20:27:39'),
                                                              (7, 1, CURRENT_DATE - INTERVAL '2 day' + INTERVAL '20:55:52'),
                                                              (7, 2, CURRENT_DATE - INTERVAL '14 day' + INTERVAL '11:43:52'),
                                                              (24, 2, CURRENT_DATE - INTERVAL '6 day' + INTERVAL '23:21:51'),
                                                              (9, 1, CURRENT_DATE - INTERVAL '12 day' + INTERVAL '08:13:21'),
                                                              (7, 2, CURRENT_DATE - INTERVAL '3 day' + INTERVAL '17:05:34'),
                                                              (7, 1, CURRENT_DATE - INTERVAL '5 day' + INTERVAL '02:39:36'),
                                                              (10, 2, CURRENT_DATE - INTERVAL '14 day' + INTERVAL '14:52:55'),
                                                              (8, 2, CURRENT_DATE - INTERVAL '7 day' + INTERVAL '16:22:46'),
                                                              (7, 1, CURRENT_DATE - INTERVAL '2 day' + INTERVAL '14:46:10'),
                                                              (6, 2, CURRENT_DATE - INTERVAL '14 day' + INTERVAL '03:02:52'),
                                                              (24, 1, CURRENT_DATE - INTERVAL '10 day' + INTERVAL '11:31:30'),
                                                              (25, 2, CURRENT_DATE - INTERVAL '14 day' + INTERVAL '20:19:30'),
                                                              (9, 2, CURRENT_DATE - INTERVAL '5 day' + INTERVAL '19:30:01'),
                                                              (24, 2, CURRENT_DATE - INTERVAL '6 day' + INTERVAL '01:19:37'),
                                                              (25, 1, CURRENT_DATE - INTERVAL '14 day' + INTERVAL '12:29:01'),
                                                              (24, 2, CURRENT_DATE - INTERVAL '11 day' + INTERVAL '20:46:37'),
                                                              (7, 2, CURRENT_DATE - INTERVAL '8 day' + INTERVAL '07:03:01'),
                                                              (7, 2, CURRENT_DATE - INTERVAL '6 day' + INTERVAL '18:44:13'),
                                                              (7, 1, CURRENT_DATE - INTERVAL '9 day' + INTERVAL '22:12:20'),
                                                              (25, 1, CURRENT_DATE - INTERVAL '12 day' + INTERVAL '14:24:55'),
                                                              (9, 1, CURRENT_DATE - INTERVAL '7 day' + INTERVAL '15:22:12'),
                                                              (6, 2, CURRENT_DATE - INTERVAL '9 day' + INTERVAL '00:36:08'),
                                                              (24, 1, CURRENT_DATE - INTERVAL '5 day' + INTERVAL '02:06:12'),
                                                              (10, 2, CURRENT_DATE - INTERVAL '8 day' + INTERVAL '00:15:29'),
                                                              (7, 2, CURRENT_DATE - INTERVAL '2 day' + INTERVAL '06:08:52'),
                                                              (6, 1, CURRENT_DATE - INTERVAL '14 day' + INTERVAL '16:33:10'),
                                                              (9, 2, CURRENT_DATE - INTERVAL '6 day' + INTERVAL '13:26:03'),
                                                              (6, 1, CURRENT_DATE - INTERVAL '4 day' + INTERVAL '19:23:01'),
                                                              (24, 2, CURRENT_DATE - INTERVAL '6 day' + INTERVAL '00:52:59'),
                                                              (8, 2, CURRENT_DATE - INTERVAL '3 day' + INTERVAL '06:44:09'),
                                                              (24, 1, CURRENT_DATE - INTERVAL '3 day' + INTERVAL '19:11:24'),
                                                              (10, 2, CURRENT_DATE - INTERVAL '9 day' + INTERVAL '22:17:32'),
                                                              (8, 1, CURRENT_DATE - INTERVAL '8 day' + INTERVAL '05:22:57'),
                                                              (6, 1, CURRENT_DATE - INTERVAL '14 day' + INTERVAL '23:27:50'),
                                                              (7, 2, CURRENT_DATE - INTERVAL '9 day' + INTERVAL '11:38:19'),
                                                              (10, 2, CURRENT_DATE - INTERVAL '11 day' + INTERVAL '03:41:07'),
                                                              (6, 1, CURRENT_DATE - INTERVAL '12 day' + INTERVAL '16:35:17'),
                                                              (24, 2, CURRENT_DATE - INTERVAL '5 day' + INTERVAL '12:21:07'),
                                                              (7, 1, CURRENT_DATE - INTERVAL '7 day' + INTERVAL '06:48:12'),
                                                              (24, 1, CURRENT_DATE - INTERVAL '7 day' + INTERVAL '01:38:30'),
                                                              (7, 2, CURRENT_DATE - INTERVAL '5 day' + INTERVAL '18:59:42'),
                                                              (25, 1, CURRENT_DATE - INTERVAL '3 day' + INTERVAL '01:51:08'),
                                                              (7, 1, CURRENT_DATE - INTERVAL '6 day' + INTERVAL '21:47:49'),
                                                              (8, 1, CURRENT_DATE - INTERVAL '14 day' + INTERVAL '14:49:22'),
                                                              (25, 1, CURRENT_DATE - INTERVAL '14 day' + INTERVAL '00:19:14'),
                                                              (25, 2, CURRENT_DATE - INTERVAL '4 day' + INTERVAL '20:29:52'),
                                                              (9, 1, CURRENT_DATE - INTERVAL '9 day' + INTERVAL '18:15:37'),
                                                              (8, 1, CURRENT_DATE - INTERVAL '3 day' + INTERVAL '01:05:02'),
                                                              (8, 2, CURRENT_DATE - INTERVAL '8 day' + INTERVAL '05:03:31'),
                                                              (9, 1, CURRENT_DATE - INTERVAL '8 day' + INTERVAL '16:02:25'),
                                                              (8, 2, CURRENT_DATE - INTERVAL '10 day' + INTERVAL '04:05:15'),
                                                              (9, 1, CURRENT_DATE - INTERVAL '4 day' + INTERVAL '22:54:17'),
                                                              (8, 2, CURRENT_DATE - INTERVAL '9 day' + INTERVAL '06:27:08'),
                                                              (24, 1, CURRENT_DATE - INTERVAL '6 day' + INTERVAL '10:48:28'),
                                                              (24, 2, CURRENT_DATE - INTERVAL '7 day' + INTERVAL '10:12:46'),
                                                              (10, 2, CURRENT_DATE - INTERVAL '12 day' + INTERVAL '23:03:41'),
                                                              (9, 2, CURRENT_DATE - INTERVAL '12 day' + INTERVAL '02:45:20'),
                                                              (6, 1, CURRENT_DATE - INTERVAL '9 day' + INTERVAL '04:18:53'),
                                                              (25, 2, CURRENT_DATE - INTERVAL '11 day' + INTERVAL '00:06:59'),
                                                              (25, 1, CURRENT_DATE - INTERVAL '3 day' + INTERVAL '10:23:34'),
                                                              (8, 2, CURRENT_DATE - INTERVAL '5 day' + INTERVAL '07:29:39'),
                                                              (6, 1, CURRENT_DATE - INTERVAL '13 day' + INTERVAL '16:59:51'),
                                                              (8, 2, CURRENT_DATE - INTERVAL '2 day' + INTERVAL '13:35:51'),
                                                              (8, 1, CURRENT_DATE - INTERVAL '12 day' + INTERVAL '03:23:08'),
                                                              (24, 2, CURRENT_DATE - INTERVAL '8 day' + INTERVAL '18:09:49'),
                                                              (9, 2, CURRENT_DATE - INTERVAL '4 day' + INTERVAL '17:42:08'),
                                                              (7, 2, CURRENT_DATE - INTERVAL '13 day' + INTERVAL '08:21:04'),
                                                              (8, 2, CURRENT_DATE - INTERVAL '2 day' + INTERVAL '18:53:52'),
                                                              (24, 2, CURRENT_DATE - INTERVAL '5 day' + INTERVAL '02:06:08'),
                                                              (7, 1, CURRENT_DATE - INTERVAL '8 day' + INTERVAL '06:36:59'),
                                                              (8, 1, CURRENT_DATE - INTERVAL '10 day' + INTERVAL '03:53:35'),
                                                              (7, 1, CURRENT_DATE - INTERVAL '8 day' + INTERVAL '06:03:58'),
                                                              (10, 2, CURRENT_DATE - INTERVAL '4 day' + INTERVAL '15:48:47'),
                                                              (9, 2, CURRENT_DATE - INTERVAL '4 day' + INTERVAL '23:50:53'),
                                                              (6, 2, CURRENT_DATE - INTERVAL '13 day' + INTERVAL '06:13:05'),
                                                              (8, 2, CURRENT_DATE - INTERVAL '10 day' + INTERVAL '07:09:06'),
                                                              (10, 2, CURRENT_DATE - INTERVAL '4 day' + INTERVAL '12:52:36'),
                                                              (6, 1, CURRENT_DATE - INTERVAL '4 day' + INTERVAL '18:04:29'),
                                                              (24, 2, CURRENT_DATE - INTERVAL '9 day' + INTERVAL '02:17:58'),
                                                              (8, 2, CURRENT_DATE - INTERVAL '3 day' + INTERVAL '14:40:23'),
                                                              (24, 1, CURRENT_DATE - INTERVAL '7 day' + INTERVAL '16:12:16'),
                                                              (10, 2, CURRENT_DATE - INTERVAL '4 day' + INTERVAL '03:17:48'),
                                                              (6, 1, CURRENT_DATE - INTERVAL '4 day' + INTERVAL '01:28:31'),
                                                              (7, 1, CURRENT_DATE - INTERVAL '11 day' + INTERVAL '21:50:00'),
                                                              (8, 1, CURRENT_DATE - INTERVAL '9 day' + INTERVAL '09:57:17'),
                                                              (6, 2, CURRENT_DATE - INTERVAL '7 day' + INTERVAL '01:15:05'),
                                                              (7, 2, CURRENT_DATE - INTERVAL '9 day' + INTERVAL '00:06:22'),
                                                              (10, 2, CURRENT_DATE - INTERVAL '9 day' + INTERVAL '05:19:56'),
                                                              (10, 2, CURRENT_DATE - INTERVAL '3 day' + INTERVAL '22:47:53'),
                                                              (25, 2, CURRENT_DATE - INTERVAL '9 day' + INTERVAL '13:00:39'),
                                                              (25, 1, CURRENT_DATE - INTERVAL '13 day' + INTERVAL '20:54:34'),
                                                              (8, 2, CURRENT_DATE - INTERVAL '5 day' + INTERVAL '18:02:39'),
                                                              (7, 2, CURRENT_DATE - INTERVAL '13 day' + INTERVAL '21:00:40'),
                                                              (6, 1, CURRENT_DATE - INTERVAL '8 day' + INTERVAL '10:53:21');









INSERT INTO Instructeur (instructeur_id)
VALUES (11), (12), (23);

INSERT INTO TypeCours (nom)
VALUES ('Yoga'),
       ('Pilates'),
       ('Cardio');

INSERT INTO Salle (salle_id, fitness_id, capacite_max, surface)
VALUES
    ('Salle Musculation', 1, 200, '100m²'),
    ('Salle A', 1, 20, '30m²'),
    ('Salle B', 1, 15, '25m²'),
    ('Salle C', 1, 25, '40m²'),
    ('Salle Musculation', 2, 200, '100m²'),
    ('Salle A', 2, 100, '100m²'),
    ('Salle B', 2, 100, '100m²');

INSERT INTO TypeAbonnement (nom)
VALUES
    ('Gym'),
    ('Course');

INSERT INTO Abonnement (abo_id, prix, type_abonnement)
VALUES
    ('Basic', 50.00, 'Gym'),
    ('Intermediate', 60.00, 'Gym'),
    ('Advanced', 70.00, 'Gym'),
    ('Yoga', 50.00, 'Course'),
    ('Pilates', 60.00, 'Course'),
    ('Workout', 40.00, 'Course');

INSERT INTO Cours (jour, heure, duree, description, recurrence, instructeur_id, typeCours, fitness_id, salle_id, abo_id)
VALUES
    ('2023-12-01', '09:00:00', 1, 'Yoga class', 7, 11, 'Yoga', 1, 'Salle A', 'Yoga'),
    ('2023-12-02', '14:00:00', 1, 'Pilates session', 7, 11, 'Pilates', 1, 'Salle B', 'Pilates'),
    ('2023-12-03', '10:00:00', 1, 'Cardio workout', 7, 11, 'Cardio', 1, 'Salle C', 'Workout');

INSERT INTO TypeMachine (type_machine)
VALUES
    ('Tapis de course'),
    ('Vélo elliptique'),
    ('Rameur'),
    ('Escalator');

INSERT INTO Machine (fitness_id, salle_id, etat, type_machine)
VALUES
    (1, 'Salle A', 'neuf', 'Tapis de course'),
    (1, 'Salle B', 'usagé', 'Vélo elliptique'),
    (2, 'Salle A', 'neuf', 'Escalator'),
    (1, 'Salle C', 'abîmé', 'Rameur');

INSERT INTO Progression (progression_id, date, poids, membre_id)
VALUES
    (1, '2023-12-01', 75.5, 6),
    (2, '2023-12-02', 72.3, 7),
    (3, '2023-12-03', 80.0, 8);

INSERT INTO InstructeurTypeCours (instructeur_id, type_cours)
VALUES
    (11, 'Yoga'),
    (12, 'Pilates'),
    (23, 'Cardio');

INSERT INTO Contrat (membre_id, date_debut, date_fin, frequence_paiement)
VALUES
    (6, '2023-01-01', '2023-12-31', 1),
    (7, '2023-02-15', '2023-12-15', 1),
    (8, '2023-03-10', '2023-09-10', 3),
    (8, '2023-03-10', '2023-09-10', 3),
    (6, '2022-01-01', '2022-12-31', 1);

INSERT INTO ContratAbonnement (contrat_id, abo_id)
VALUES
    (1, 'Basic'),
    (2, 'Intermediate'),
    (3, 'Advanced'),
    (4, 'Yoga'),
    (5, 'Pilates');

INSERT INTO TypeMoyenPaiement (nom)
VALUES
    ('Carte credit'),
    ('Carte debit'),
    ('Paypal'),
    ('Virement bancaire');

INSERT INTO MoyenPaiement (type_moyen_paiement, compte_id, info)
VALUES
    ('Carte credit', 'brown_oliver', '1234-5678-9012-3456'),
    ('Carte debit', 'brown_oliver', '1234-5678-9012-3456'),
    ('Paypal', 'lee_sophia', 'myamazingpaypal@paypal.com'),
    ('Virement bancaire', 'nguyen_thomas', 'CH12 3456 7890 1234 5678 9');

UPDATE Compte SET moyen_paiement_pref_id = 1 WHERE username = 'brown_oliver';
